sid_index	SNP	Chr	GenDist	ChrPos	PValue	SnpWeight	SnpWeightSE	EffectSize	Mixing	Nullh2
4243	1_10936254	1.0		10936254.0	8.275345041397756e-08	-1.5490286261010116	0.286342063900091	0.007943690780367	0	0.5874849120903137
5820	4_22199567	4.0		22199567.0	3.9449669663463867e-07	-1.34140141149297	0.26235366431510915	0.008063395179979126	0	0.5882403237148888
223	1_385232	1.0		385232.0	5.619621194189005e-07	-1.4923961878086003	0.295898646125177	0.003883040663559079	0	0.5874849120903137
4310	1_11127371	1.0		11127371.0	1.1606478999479016e-06	1.5807740376108619	0.3226870118982569	0.036390295559073416	0	0.5874849120903137
4327	1_11165981	1.0		11165981.0	1.2437378146579566e-06	1.5696391912390943	0.3213324458168073	0.03666071585803426	0	0.5874849120903137
7641	3_18193532	3.0		18193532.0	1.3743774889117558e-06	-1.3962814935758157	0.2870352437185067	0.011820146682911306	0	0.5863182246253555
4302	1_11095300	1.0		11095300.0	1.520010297356715e-06	1.5591677039714888	0.32187859318564044	0.034598179968905775	0	0.5874849120903137
4443	1_11444821	1.0		11444821.0	1.9507979526490854e-06	1.5244242632701897	0.31806801426375775	0.03410210790179593	0	0.5874849120903137
5492	4_18892494	4.0		18892494.0	2.0363809847558017e-06	-1.2744732450761054	0.2664086419111316	0.007225763095182678	0	0.5882403237148888
3654	9_15515333	9.0		15515333.0	2.3710981692462707e-06	-1.2726878239652477	0.26779951342535235	0.0015959559979158357	0	0.5786956158225572
8052	3_19357593	3.0		19357593.0	2.414375593322187e-06	-1.1774274322494505	0.24795083480243846	0.001020951540065384	0	0.5863182246253555
21449	2_44989065	2.0		44989065.0	2.470983422428232e-06	-1.4114523179063365	0.29753533340898436	0.007845462604621262	0	0.5861706631618352
21450	2_44989274	2.0		44989274.0	2.470983422428232e-06	-1.4114523179063365	0.29753533340898436	0.007845462604621262	0	0.5861706631618352
21447	2_44989048	2.0		44989048.0	2.470983422428232e-06	-1.4114523179063365	0.29753533340898436	0.007845462604621262	0	0.5861706631618352
7639	3_18189935	3.0		18189935.0	2.7190645849456392e-06	-1.3036641777865532	0.27597334467030504	0.016424883337682383	0	0.5863182246253555
4458	1_11460235	1.0		11460235.0	2.8192284962969376e-06	1.5125893594027389	0.32071393455881464	0.0331612280508534	0	0.5874849120903137
4457	1_11460226	1.0		11460226.0	2.8192284962969376e-06	1.5125893594027389	0.32071393455881464	0.0331612280508534	0	0.5874849120903137
4456	1_11460219	1.0		11460219.0	2.8192284962969376e-06	1.5125893594027389	0.32071393455881464	0.0331612280508534	0	0.5874849120903137
7617	3_18157185	3.0		18157185.0	3.0053858651053225e-06	-1.4037919397012146	0.29849276040342193	0.012452571157709652	0	0.5863182246253555
4468	1_11473224	1.0		11473224.0	3.0108689003145267e-06	1.5306549783973216	0.32549449403184694	0.034482088439012355	0	0.5874849120903137
